<?xml version="1.0" encoding="UTF-8"?>
<package id="1" uuid="5c2540e1-9745-4b74-9c9d-81603c8d6e12">
  <dateCreated id="2">2013-06-27 14:47:09</dateCreated>
  <name>testForms2</name>
  <description>Testing Forms Export</description>
  <openmrsVersion>1.8.3  Build 24510</openmrsVersion>
  <version>1</version>
  <groupUuid>a9acfcc4-f559-4fc2-b9b3-1c13fd9eb572</groupUuid>
  <modules id="3">
    <entry>
      <string>htmlwidgets</string>
      <string>1.6.4</string>
    </entry>
    <entry>
      <string>reportingcompatibility</string>
      <string>1.5.4.1</string>
    </entry>
    <entry>
      <string>groovy</string>
      <string>2.2.1</string>
    </entry>
    <entry>
      <string>htmlformentry</string>
      <string>2.0.8</string>
    </entry>
    <entry>
      <string>custombranding</string>
      <string>0.2</string>
    </entry>
    <entry>
      <string>metadatamapping</string>
      <string>1.0.1</string>
    </entry>
    <entry>
      <string>logic</string>
      <string>0.5</string>
    </entry>
    <entry>
      <string>formentry</string>
      <string>4.5.9.2</string>
    </entry>
    <entry>
      <string>simplelabentry</string>
      <string>1.7.6</string>
    </entry>
    <entry>
      <string>sync</string>
      <string>1.0.3</string>
    </entry>
    <entry>
      <string>formfilter</string>
      <string>1.0.0</string>
    </entry>
    <entry>
      <string>metadatasharing</string>
      <string>1.1.3</string>
    </entry>
    <entry>
      <string>reporting</string>
      <string>0.7.2.2</string>
    </entry>
    <entry>
      <string>FacesRegister</string>
      <string>1.0</string>
    </entry>
    <entry>
      <string>serialization.xstream</string>
      <string>0.2.7</string>
    </entry>
  </modules>
  <items class="linked-hash-set" id="4">
    <org.openmrs.module.metadatasharing.Item id="5" uuid="b586c79d-ab57-102d-be97-85aedb3d9f67">
      <id>5</id>
      <classname>org.openmrs.EncounterType</classname>
      <dateChanged id="6">2007-07-11 13:54:22</dateChanged>
      <retired>false</retired>
    </org.openmrs.module.metadatasharing.Item>
    <org.openmrs.module.metadatasharing.Item id="7" uuid="07197743-026a-4c7c-af60-42c166bf4acd">
      <id>80</id>
      <classname>org.openmrs.Form</classname>
      <dateChanged id="8">2013-06-25 04:45:20</dateChanged>
      <retired>false</retired>
    </org.openmrs.module.metadatasharing.Item>
  </items>
  <relatedItems class="linked-hash-set" id="9"/>
</package>
