<?xml version="1.0" encoding="UTF-8"?>
<list id="1">
  <org.openmrs.EncounterType id="2" uuid="b586c79d-ab57-102d-be97-85aedb3d9f67">
    <name>ADHERENCE</name>
    <description>Contains adherence details</description>
    <creator/>
    <dateCreated id="3">2007-07-11 13:54:22</dateCreated>
    <retired>false</retired>
    <encounterTypeId>5</encounterTypeId>
  </org.openmrs.EncounterType>
  <org.openmrs.Form id="4" uuid="07197743-026a-4c7c-af60-42c166bf4acd">
    <name>Adherence</name>
    <description>Adherence Form</description>
    <creator/>
    <dateCreated id="5">2013-06-25 04:45:20</dateCreated>
    <retired>false</retired>
    <formId>80</formId>
    <version>1.0</version>
    <published>false</published>
    <encounterType reference="2"/>
    <formFields id="6"/>
  </org.openmrs.Form>
</list>
