<?xml version="1.0" encoding="UTF-8"?>
<package id="1" uuid="b4d8f5cd-44de-4921-b2dd-8432b46a76c1">
  <dateCreated id="2">2013-03-29 07:17:40</dateCreated>
  <name>Example Addon Metadata</name>
  <description>Metadata to add to the Kenya EMR</description>
  <openmrsVersion>1.9.3  Build f535e9</openmrsVersion>
  <version>2</version>
  <groupUuid>b3dd6a3c-ecae-45e9-86a8-17c1f2f38da9</groupUuid>
  <modules id="3">
    <entry>
      <string>htmlwidgets</string>
      <string>1.6.4</string>
    </entry>
    <entry>
      <string>uiframework</string>
      <string>2.5.1</string>
    </entry>
    <entry>
      <string>kenyaui</string>
      <string>1.2-SNAPSHOT</string>
    </entry>
    <entry>
      <string>htmlformentry</string>
      <string>2.1-SNAPSHOT</string>
    </entry>
    <entry>
      <string>metadatamapping</string>
      <string>1.0.1</string>
    </entry>
    <entry>
      <string>appframework</string>
      <string>1.5</string>
    </entry>
    <entry>
      <string>logic</string>
      <string>0.5.2</string>
    </entry>
    <entry>
      <string>calculation</string>
      <string>1.0</string>
    </entry>
    <entry>
      <string>kenyaemr</string>
      <string>2013.2-SNAPSHOT</string>
    </entry>
    <entry>
      <string>moduledistro</string>
      <string>1.2</string>
    </entry>
    <entry>
      <string>htmlformentry19ext</string>
      <string>0.9</string>
    </entry>
    <entry>
      <string>idgen</string>
      <string>2.1</string>
    </entry>
    <entry>
      <string>reporting</string>
      <string>0.7.6-SNAPSHOT</string>
    </entry>
    <entry>
      <string>metadatasharing</string>
      <string>1.1.3</string>
    </entry>
    <entry>
      <string>serialization.xstream</string>
      <string>0.2.7</string>
    </entry>
  </modules>
  <items class="linked-hash-set" id="4">
    <org.openmrs.module.metadatasharing.Item id="5" uuid="d69dedbd-3933-4e44-8292-bea939ce980a">
      <id>13</id>
      <classname>org.openmrs.EncounterType</classname>
      <dateChanged id="6">2013-03-29 07:16:59</dateChanged>
      <retired>false</retired>
    </org.openmrs.module.metadatasharing.Item>
  </items>
  <relatedItems class="linked-hash-set" id="7"/>
  <incrementalVersion>false</incrementalVersion>
</package>
