<?xml version="1.0" encoding="UTF-8"?>
<package id="1" uuid="2a64364a-5ea7-445a-bde6-2c38962cb0a6">
  <dateCreated id="2">2013-03-07 11:58:24</dateCreated>
  <name>Example Addon Metadata</name>
  <description>Metadata to add to the Kenya EMR</description>
  <openmrsVersion>1.9.3  Build f535e9</openmrsVersion>
  <version>1</version>
  <groupUuid>b3dd6a3c-ecae-45e9-86a8-17c1f2f38da9</groupUuid>
  <modules id="3">
    <entry>
      <string>htmlwidgets</string>
      <string>1.6.4</string>
    </entry>
    <entry>
      <string>uilibrary</string>
      <string>2.0.4-SNAPSHOT</string>
    </entry>
    <entry>
      <string>uiframework</string>
      <string>2.4</string>
    </entry>
    <entry>
      <string>htmlformentry</string>
      <string>2.0.5-SNAPSHOT</string>
    </entry>
    <entry>
      <string>metadatamapping</string>
      <string>1.0.1</string>
    </entry>
    <entry>
      <string>appframework</string>
      <string>1.3</string>
    </entry>
    <entry>
      <string>logic</string>
      <string>0.5.2</string>
    </entry>
    <entry>
      <string>calculation</string>
      <string>1.0</string>
    </entry>
    <entry>
      <string>moduledistro</string>
      <string>1.2</string>
    </entry>
    <entry>
      <string>kenyaemr</string>
      <string>2013.2-SNAPSHOT</string>
    </entry>
    <entry>
      <string>keaddonexample</string>
      <string>1.0-SNAPSHOT</string>
    </entry>
    <entry>
      <string>idgen</string>
      <string>2.1</string>
    </entry>
    <entry>
      <string>htmlformentry19ext</string>
      <string>0.9</string>
    </entry>
    <entry>
      <string>metadatasharing</string>
      <string>1.1.2</string>
    </entry>
    <entry>
      <string>reporting</string>
      <string>0.7.6-SNAPSHOT</string>
    </entry>
    <entry>
      <string>serialization.xstream</string>
      <string>0.2.7</string>
    </entry>
  </modules>
  <items class="linked-hash-set" id="4">
    <org.openmrs.module.metadatasharing.Item id="5" uuid="a536d668-541c-4cf4-82ef-7e59834c3dac">
      <id>38</id>
      <classname>org.openmrs.module.htmlformentry.HtmlForm</classname>
      <dateChanged id="6">2013-03-07 11:58:11</dateChanged>
      <retired>false</retired>
    </org.openmrs.module.metadatasharing.Item>
  </items>
  <relatedItems class="linked-hash-set" id="7">
    <org.openmrs.module.metadatasharing.Item id="8" uuid="2a89533d-499f-453c-92c9-b38acb5446fd">
      <id>38</id>
      <classname>org.openmrs.Form</classname>
      <dateChanged id="9">2013-03-07 11:57:51</dateChanged>
      <retired>false</retired>
    </org.openmrs.module.metadatasharing.Item>
    <org.openmrs.module.metadatasharing.Item id="10" uuid="465a92f2-baf8-42e9-9612-53064be868e8">
      <id>10</id>
      <classname>org.openmrs.EncounterType</classname>
      <dateChanged id="11">2012-06-26 04:19:31</dateChanged>
      <retired>false</retired>
    </org.openmrs.module.metadatasharing.Item>
  </relatedItems>
</package>
