<?xml version="1.0" encoding="UTF-8"?>
<list id="1">
  <org.openmrs.module.htmlformentry.HtmlForm id="2" uuid="a536d668-541c-4cf4-82ef-7e59834c3dac">
    <creator/>
    <dateCreated id="3">2013-03-07 11:57:22</dateCreated>
    <changedBy/>
    <dateChanged id="4">2013-03-07 11:58:11</dateChanged>
    <retired>false</retired>
    <id>38</id>
    <form id="5" resolves-to="org.openmrs.Form" uuid="2a89533d-499f-453c-92c9-b38acb5446fd">
      <name>Example Add-on Form</name>
      <description>Example of a form added to the Kenya EMR by an add-on module</description>
      <creator/>
      <dateCreated id="6">2013-03-07 11:57:22</dateCreated>
      <changedBy/>
      <dateChanged id="7">2013-03-07 11:57:51</dateChanged>
      <retired>false</retired>
      <formId>38</formId>
      <version>0.1</version>
      <published>true</published>
      <encounterType id="8" resolves-to="org.openmrs.EncounterType" uuid="465a92f2-baf8-42e9-9612-53064be868e8">
        <name>Consultation</name>
        <description>Collection of clinical data during the main consultation</description>
        <creator/>
        <dateCreated id="9">2012-06-26 04:19:31</dateCreated>
        <retired>false</retired>
        <encounterTypeId>10</encounterTypeId>
      </encounterType>
      <formFields id="10"/>
    </form>
    <xmlData>&lt;htmlform&gt;&#xd;
	&lt;!-- Autogenerated example form  (template from 01-Nov-2010 --&gt;&#xd;
	&lt;macros&gt;&#xd;
		paperFormId = (Fill this in)&#xd;
		headerColor =#009d8e&#xd;
		fontOnHeaderColor = white&#xd;
	&lt;/macros&gt;&#xd;
&#xd;
	&lt;style&gt;&#xd;
		.section {&#xd;
			border: 1px solid $headerColor;&#xd;
			padding: 2px;&#xd;
			text-align: left;&#xd;
			margin-bottom: 1em;&#xd;
		}&#xd;
		.sectionHeader {&#xd;
			background-color: $headerColor;&#xd;
			color: $fontOnHeaderColor;&#xd;
			display: block;&#xd;
			padding: 2px;&#xd;
			font-weight: bold;&#xd;
		}&#xd;
		table.baseline-aligned td {&#xd;
			vertical-align: baseline;&#xd;
		}&#xd;
	&lt;/style&gt;&#xd;
&#xd;
	&lt;span style=&quot;float:right&quot;&gt;Paper Form ID: $paperFormId&lt;/span&gt;&#xd;
	&lt;h2&gt;Example Add-on Form&lt;/h2&gt;&#xd;
&#xd;
	&lt;section headerLabel=&quot;1. Encounter Details&quot;&gt;&#xd;
		&lt;table class=&quot;baseline-aligned&quot;&gt;&#xd;
			&lt;tr&gt;&#xd;
				&lt;td&gt;Date:&lt;/td&gt;&#xd;
				&lt;td&gt;&lt;encounterDate default=&quot;today&quot;/&gt;&lt;/td&gt;&#xd;
			&lt;/tr&gt;&#xd;
			&lt;tr&gt;&#xd;
				&lt;td&gt;Location:&lt;/td&gt;&#xd;
				&lt;td&gt;&lt;encounterLocation/&gt;&lt;/td&gt;&#xd;
			&lt;/tr&gt;&#xd;
			&lt;tr&gt;&#xd;
				&lt;td&gt;Provider:&lt;/td&gt;&#xd;
				&lt;td&gt;&lt;encounterProvider/&gt;&lt;/td&gt;&#xd;
			&lt;/tr&gt;&#xd;
		&lt;/table&gt;&#xd;
	&lt;/section&gt;&#xd;
&#xd;
	&lt;section headerLabel=&quot;2. Demographic Information&quot;&gt;&#xd;
		&lt;table class=&quot;baseline-aligned&quot;&gt;&#xd;
			&lt;tr&gt;&#xd;
				&lt;td&gt;Name:&lt;/td&gt;&#xd;
				&lt;td&gt;&lt;lookup class=&quot;value&quot; expression=&quot;patient.personName&quot;/&gt;&lt;/td&gt;&#xd;
			&lt;/tr&gt;&#xd;
			&lt;tr&gt;&#xd;
				&lt;td&gt;OpenMRS ID:&lt;/td&gt;&#xd;
				&lt;td&gt;&lt;lookup class=&quot;value&quot; complexExpression=&quot;#foreach( $patId in $patientIdentifiers.get(&apos;OpenMRS ID&apos;) ) $patId #end &quot;/&gt;&lt;/td&gt;&#xd;
			&lt;/tr&gt;&#xd;
			&lt;tr&gt;&#xd;
				&lt;td&gt;District Registration Number:&lt;/td&gt;&#xd;
				&lt;td&gt;&lt;lookup class=&quot;value&quot; complexExpression=&quot;#foreach( $patId in $patientIdentifiers.get(&apos;District Registration Number&apos;) ) $patId #end &quot;/&gt;&lt;/td&gt;&#xd;
			&lt;/tr&gt;&#xd;
			&lt;tr&gt;&#xd;
				&lt;td&gt;Old Identification Number:&lt;/td&gt;&#xd;
				&lt;td&gt;&lt;lookup class=&quot;value&quot; complexExpression=&quot;#foreach( $patId in $patientIdentifiers.get(&apos;Old Identification Number&apos;) ) $patId #end &quot;/&gt;&lt;/td&gt;&#xd;
			&lt;/tr&gt;&#xd;
			&lt;tr&gt;&#xd;
				&lt;td&gt;OpenMRS Identification Number:&lt;/td&gt;&#xd;
				&lt;td&gt;&lt;lookup class=&quot;value&quot; complexExpression=&quot;#foreach( $patId in $patientIdentifiers.get(&apos;OpenMRS Identification Number&apos;) ) $patId #end &quot;/&gt;&lt;/td&gt;&#xd;
			&lt;/tr&gt;&#xd;
			&lt;tr&gt;&#xd;
				&lt;td&gt;Patient Clinic Number:&lt;/td&gt;&#xd;
				&lt;td&gt;&lt;lookup class=&quot;value&quot; complexExpression=&quot;#foreach( $patId in $patientIdentifiers.get(&apos;Patient Clinic Number&apos;) ) $patId #end &quot;/&gt;&lt;/td&gt;&#xd;
			&lt;/tr&gt;&#xd;
			&lt;tr&gt;&#xd;
				&lt;td&gt;TB Treatment Number:&lt;/td&gt;&#xd;
				&lt;td&gt;&lt;lookup class=&quot;value&quot; complexExpression=&quot;#foreach( $patId in $patientIdentifiers.get(&apos;TB Treatment Number&apos;) ) $patId #end &quot;/&gt;&lt;/td&gt;&#xd;
			&lt;/tr&gt;&#xd;
			&lt;tr&gt;&#xd;
				&lt;td&gt;Unique Patient Number:&lt;/td&gt;&#xd;
				&lt;td&gt;&lt;lookup class=&quot;value&quot; complexExpression=&quot;#foreach( $patId in $patientIdentifiers.get(&apos;Unique Patient Number&apos;) ) $patId #end &quot;/&gt;&lt;/td&gt;&#xd;
			&lt;/tr&gt;&#xd;
			&lt;tr&gt;&#xd;
				&lt;td&gt;Gender:&lt;/td&gt;&#xd;
				&lt;td&gt;&lt;lookup class=&quot;value&quot; expression=&quot;patient.gender&quot;/&gt;&lt;/td&gt;&#xd;
			&lt;/tr&gt;&#xd;
			&lt;tr&gt;&#xd;
				&lt;td&gt;Birthdate:&lt;/td&gt;&#xd;
				&lt;td&gt;&#xd;
					&lt;lookup class=&quot;value&quot; complexExpression=&quot;#if( \$patient.birthdateEstimated ) ~#end&quot;/&gt; &lt;lookup class=&quot;value&quot; expression=&quot;patient.birthdate&quot;/&gt;&#xd;
					(Age: &lt;lookup class=&quot;value&quot; expression=&quot;patient.age&quot;/&gt;)&#xd;
				&lt;/td&gt;&#xd;
			&lt;/tr&gt;&#xd;
			&lt;tr&gt;&#xd;
				&lt;td&gt;Telephone Contact:&lt;/td&gt;&#xd;
				&lt;td&gt;&lt;lookup class=&quot;value&quot; expression=&quot;personAttributes.get(&apos;Telephone Contact&apos;)&quot;/&gt;&lt;/td&gt;&#xd;
			&lt;/tr&gt;&#xd;
			&lt;tr&gt;&#xd;
				&lt;td&gt;National Id Number:&lt;/td&gt;&#xd;
				&lt;td&gt;&lt;lookup class=&quot;value&quot; expression=&quot;personAttributes.get(&apos;National Id Number&apos;)&quot;/&gt;&lt;/td&gt;&#xd;
			&lt;/tr&gt;&#xd;
			&lt;tr&gt;&#xd;
				&lt;td&gt;Name of Next of Kin:&lt;/td&gt;&#xd;
				&lt;td&gt;&lt;lookup class=&quot;value&quot; expression=&quot;personAttributes.get(&apos;Name of Next of Kin&apos;)&quot;/&gt;&lt;/td&gt;&#xd;
			&lt;/tr&gt;&#xd;
			&lt;tr&gt;&#xd;
				&lt;td&gt;Next of Kin contact:&lt;/td&gt;&#xd;
				&lt;td&gt;&lt;lookup class=&quot;value&quot; expression=&quot;personAttributes.get(&apos;Next of Kin contact&apos;)&quot;/&gt;&lt;/td&gt;&#xd;
			&lt;/tr&gt;&#xd;
			&lt;tr&gt;&#xd;
				&lt;td&gt;Next of Kin relationship:&lt;/td&gt;&#xd;
				&lt;td&gt;&lt;lookup class=&quot;value&quot; expression=&quot;personAttributes.get(&apos;Next of Kin relationship&apos;)&quot;/&gt;&lt;/td&gt;&#xd;
			&lt;/tr&gt;&#xd;
			&lt;tr&gt;&#xd;
				&lt;td&gt;Next of Kin address:&lt;/td&gt;&#xd;
				&lt;td&gt;&lt;lookup class=&quot;value&quot; expression=&quot;personAttributes.get(&apos;Next of Kin address&apos;)&quot;/&gt;&lt;/td&gt;&#xd;
			&lt;/tr&gt;&#xd;
		&lt;/table&gt;&#xd;
	&lt;/section&gt;&#xd;
&#xd;
	&lt;submit/&gt;&#xd;
&#xd;
&lt;!-- END OF FORM&#xd;
&#xd;
Simple examples to copy-and-paste. Full reference at http://wiki.openmrs.org/x/kg8z&#xd;
&#xd;
SECTION&#xd;
	&lt;section headerLabel=&quot;\#. Title&quot;&gt;&#xd;
		Content&#xd;
	&lt;/section&gt;&#xd;
&#xd;
NUMERIC OBSERVATION&#xd;
	&lt;obs conceptId=&quot;id-of-numeric-concept&quot; labelText=&quot;Label before&quot;/&gt;&#xd;
&#xd;
DATE OBSERVATION&#xd;
	&lt;obs conceptId=&quot;id-of-date-concept&quot; labelText=&quot;Label before&quot;/&gt;&#xd;
&#xd;
CODED OBSERVATION&#xd;
(as a dropdown)&#xd;
	&lt;obs conceptId=&quot;id-of-coded-concept&quot; labelText=&quot;Label before&quot;/&gt;&#xd;
(as radio buttons)&#xd;
	&lt;obs conceptId=&quot;id-of-coded-concept&quot; labelText=&quot;Label before&quot; style=&quot;radio&quot;/&gt;&#xd;
(as an autocomplete)&#xd;
	&lt;obs conceptId=&quot;id-of-coded-concept&quot; labelText=&quot;Label before&quot; style=&quot;autocomplete&quot; answerClasses=&quot;Diagnosis&quot;/&gt;&#xd;
(as a checkbox for a specific answer)&#xd;
	&lt;obs conceptId=&quot;id-of-coded-concept&quot; labelText=&quot;Label before&quot; answerConceptId=&quot;id-of-answer-concept&quot; answerLabel=&quot;label for answer&quot;/&gt;&#xd;
(as a dropdown with specific choices)&#xd;
	&lt;obs conceptId=&quot;id-of-coded-concept&quot; labelText=&quot;Label before&quot; answerConceptIds=&quot;concept-id-1,concept-id-2,concept-id-3&quot; answerLabels=&quot;Label 1,Label 2, Label 3&quot;/&gt;&#xd;
&#xd;
&#xd;
FREE TEXT OBSERVATION&#xd;
(as a normal text field)&#xd;
	&lt;obs conceptId=&quot;id-of-text-concept&quot; labelText=&quot;Label before&quot;/&gt;&#xd;
(as a textarea)&#xd;
	&lt;obs conceptId=&quot;id-of-text-concept&quot; labelText=&quot;Label before&quot; rows=&quot;4&quot; cols=&quot;80&quot;/&gt;&#xd;
--&gt;&#xd;
&lt;/htmlform&gt;</xmlData>
    <dependencies class="set" id="11"/>
  </org.openmrs.module.htmlformentry.HtmlForm>
</list>
