<?xml version="1.0" encoding="UTF-8"?>
<package id="1" uuid="f78ef719-cc2e-400a-a625-360fde77b242">
  <dateCreated id="2">2013-06-11 14:33:35</dateCreated>
  <name>Example Metadata</name>
  <description>Example metadata package for a Kenya EMR Addon module</description>
  <openmrsVersion>1.9.3  Build f535e9</openmrsVersion>
  <version>1</version>
  <groupUuid>d3a71388-f624-4d30-8342-b6ff50df95c4</groupUuid>
  <modules id="3">
    <entry>
      <string>htmlwidgets</string>
      <string>1.6.4</string>
    </entry>
    <entry>
      <string>uiframework</string>
      <string>2.6-SNAPSHOT</string>
    </entry>
    <entry>
      <string>webservices.rest</string>
      <string>1.1.29293</string>
    </entry>
    <entry>
      <string>kenyaui</string>
      <string>1.3.10</string>
    </entry>
    <entry>
      <string>htmlformentry</string>
      <string>2.1</string>
    </entry>
    <entry>
      <string>metadatamapping</string>
      <string>1.0.1</string>
    </entry>
    <entry>
      <string>reportingrest</string>
      <string>1.2</string>
    </entry>
    <entry>
      <string>appframework</string>
      <string>1.5</string>
    </entry>
    <entry>
      <string>logic</string>
      <string>0.5.2</string>
    </entry>
    <entry>
      <string>kenyamflsync</string>
      <string>1.1-SNAPSHOT</string>
    </entry>
    <entry>
      <string>calculation</string>
      <string>1.0</string>
    </entry>
    <entry>
      <string>kenyaemr</string>
      <string>2013.2-SNAPSHOT</string>
    </entry>
    <entry>
      <string>moduledistro</string>
      <string>1.2</string>
    </entry>
    <entry>
      <string>keaddonexample</string>
      <string>1.0-SNAPSHOT</string>
    </entry>
    <entry>
      <string>idgen</string>
      <string>2.5</string>
    </entry>
    <entry>
      <string>htmlformentry19ext</string>
      <string>0.9</string>
    </entry>
    <entry>
      <string>metadatasharing</string>
      <string>1.1.8</string>
    </entry>
    <entry>
      <string>reporting</string>
      <string>0.7.6</string>
    </entry>
    <entry>
      <string>serialization.xstream</string>
      <string>0.2.7</string>
    </entry>
  </modules>
  <items class="linked-hash-set" id="4">
    <org.openmrs.module.metadatasharing.Item id="5" uuid="b694b1bc-2086-47dd-a4ad-ba48f9471e4b">
      <id>18</id>
      <classname>org.openmrs.Form</classname>
      <dateChanged id="6">2013-06-11 14:31:21</dateChanged>
      <retired>false</retired>
    </org.openmrs.module.metadatasharing.Item>
    <org.openmrs.module.metadatasharing.Item id="7" uuid="d69dedbd-3933-4e44-8292-bea939ce980a">
      <id>14</id>
      <classname>org.openmrs.EncounterType</classname>
      <dateChanged id="8">2013-03-29 07:16:59</dateChanged>
      <retired>false</retired>
    </org.openmrs.module.metadatasharing.Item>
    <org.openmrs.module.metadatasharing.Item id="9" uuid="0c9ab6f5-9499-416d-a5e6-5f34b5e330ba">
      <id>1</id>
      <classname>org.openmrs.module.htmlformentry.HtmlForm</classname>
      <dateChanged id="10">2013-06-11 14:33:23</dateChanged>
      <retired>false</retired>
    </org.openmrs.module.metadatasharing.Item>
  </items>
  <relatedItems class="linked-hash-set" id="11">
    <org.openmrs.module.metadatasharing.Item id="12" uuid="159683AAAAAAAAAAAAAAAAAAAAAAAAAAAAAA">
      <id>159683</id>
      <classname>org.openmrs.ConceptNumeric</classname>
      <dateChanged id="13">2010-11-05 18:33:35</dateChanged>
      <retired>false</retired>
    </org.openmrs.module.metadatasharing.Item>
    <org.openmrs.module.metadatasharing.Item id="14" uuid="8d4a4488-c2cc-11de-8d13-0010c6dffd0f">
      <id>1</id>
      <classname>org.openmrs.ConceptDatatype</classname>
      <dateChanged id="15">2004-02-01 22:00:00</dateChanged>
      <retired>false</retired>
    </org.openmrs.module.metadatasharing.Item>
    <org.openmrs.module.metadatasharing.Item id="16" uuid="8d491a9a-c2cc-11de-8d13-0010c6dffd0f">
      <id>5</id>
      <classname>org.openmrs.ConceptClass</classname>
      <dateChanged id="17">2004-03-02 00:00:00</dateChanged>
      <retired>false</retired>
    </org.openmrs.module.metadatasharing.Item>
    <org.openmrs.module.metadatasharing.Item id="18" uuid="107079BBBBBBBBBBBBBBBBBBBBBBBBBBBBBB">
      <id>107079</id>
      <classname>org.openmrs.ConceptName</classname>
      <dateChanged id="19">2010-11-05 14:21:59</dateChanged>
    </org.openmrs.module.metadatasharing.Item>
    <org.openmrs.module.metadatasharing.Item id="20" uuid="16323FFFFFFFFFFFFFFFFFFFFFFFFFFFFFFF">
      <id>16323</id>
      <classname>org.openmrs.ConceptDescription</classname>
      <dateChanged id="21">2010-11-05 14:21:59</dateChanged>
    </org.openmrs.module.metadatasharing.Item>
    <org.openmrs.module.metadatasharing.Item id="22" uuid="136461ABBBBBBBBBBBBBBBBBBBBBBBBBBBBB">
      <id>136461</id>
      <classname>org.openmrs.ConceptMap</classname>
      <dateChanged id="23">2010-11-05 14:21:59</dateChanged>
    </org.openmrs.module.metadatasharing.Item>
    <org.openmrs.module.metadatasharing.Item id="24" uuid="43ac5109-7d8c-11e1-909d-c80aa9edcf4e">
      <id>2</id>
      <classname>org.openmrs.ConceptMapType</classname>
      <dateChanged id="25">2013-06-07 07:43:28</dateChanged>
      <retired>false</retired>
    </org.openmrs.module.metadatasharing.Item>
    <org.openmrs.module.metadatasharing.Item id="26" uuid="489a58db-6016-3f58-967b-7390d7c79361">
      <id>136461</id>
      <classname>org.openmrs.ConceptReferenceTerm</classname>
      <dateChanged id="27">2010-11-04 22:00:00</dateChanged>
      <retired>false</retired>
    </org.openmrs.module.metadatasharing.Item>
    <org.openmrs.module.metadatasharing.Item id="28" uuid="13ADDDDDDDDDDDDDDDDDDDDDDDDDDDDDDDDD">
      <id>13</id>
      <classname>org.openmrs.ConceptSource</classname>
      <dateChanged id="29">2010-10-24 17:02:38</dateChanged>
      <retired>false</retired>
    </org.openmrs.module.metadatasharing.Item>
  </relatedItems>
</package>
