<?xml version="1.0" encoding="UTF-8"?>
<list id="1">
  <org.openmrs.Form id="2" uuid="b694b1bc-2086-47dd-a4ad-ba48f9471e4b">
    <name>Example Form</name>
    <creator/>
    <dateCreated id="3">2013-06-11 14:31:21</dateCreated>
    <retired>false</retired>
    <formId>18</formId>
    <version>0.1</version>
    <published>false</published>
    <encounterType id="4" resolves-to="org.openmrs.EncounterType" uuid="d69dedbd-3933-4e44-8292-bea939ce980a">
      <name>Example Encounter</name>
      <description>An example</description>
      <creator/>
      <dateCreated id="5">2013-03-29 07:16:59</dateCreated>
      <retired>false</retired>
      <encounterTypeId>14</encounterTypeId>
    </encounterType>
    <formFields id="6"/>
  </org.openmrs.Form>
  <org.openmrs.EncounterType reference="4"/>
  <org.openmrs.module.htmlformentry.HtmlForm id="7" uuid="0c9ab6f5-9499-416d-a5e6-5f34b5e330ba">
    <creator/>
    <dateCreated id="8">2013-06-11 14:31:21</dateCreated>
    <changedBy/>
    <dateChanged id="9">2013-06-11 14:33:23</dateChanged>
    <retired>false</retired>
    <id>1</id>
    <form reference="2"/>
    <xmlData>&lt;htmlform&gt;&#xd;
	&lt;!-- Autogenerated example form  (template from 01-Nov-2010 --&gt;&#xd;
	&lt;macros&gt;&#xd;
		paperFormId = (Fill this in)&#xd;
		headerColor =#009d8e&#xd;
		fontOnHeaderColor = white&#xd;
	&lt;/macros&gt;&#xd;
&#xd;
	&lt;style&gt;&#xd;
		.section {&#xd;
			border: 1px solid $headerColor;&#xd;
			padding: 2px;&#xd;
			text-align: left;&#xd;
			margin-bottom: 1em;&#xd;
		}&#xd;
		.sectionHeader {&#xd;
			background-color: $headerColor;&#xd;
			color: $fontOnHeaderColor;&#xd;
			display: block;&#xd;
			padding: 2px;&#xd;
			font-weight: bold;&#xd;
		}&#xd;
		table.baseline-aligned td {&#xd;
			vertical-align: baseline;&#xd;
		}&#xd;
	&lt;/style&gt;&#xd;
&#xd;
	&lt;section headerLabel=&quot;1. Encounter Details&quot;&gt;&#xd;
		&lt;table class=&quot;baseline-aligned&quot;&gt;&#xd;
			&lt;tr&gt;&#xd;
				&lt;td&gt;Date:&lt;/td&gt;&#xd;
				&lt;td&gt;&lt;encounterDate default=&quot;today&quot;/&gt;&lt;/td&gt;&#xd;
			&lt;/tr&gt;&#xd;
			&lt;tr&gt;&#xd;
				&lt;td&gt;Location:&lt;/td&gt;&#xd;
				&lt;td&gt;&lt;encounterLocation/&gt;&lt;/td&gt;&#xd;
			&lt;/tr&gt;&#xd;
			&lt;tr&gt;&#xd;
				&lt;td&gt;Provider:&lt;/td&gt;&#xd;
				&lt;td&gt;&lt;encounterProvider/&gt;&lt;/td&gt;&#xd;
			&lt;/tr&gt;&#xd;
		&lt;/table&gt;&#xd;
	&lt;/section&gt;&#xd;
&#xd;
	&lt;section headerLabel=&quot;2. Goats&quot;&gt;&#xd;
		&lt;table class=&quot;baseline-aligned&quot;&gt;&#xd;
			&lt;tr&gt;&#xd;
				&lt;td&gt;Number of goats:&lt;/td&gt;&#xd;
				&lt;td&gt;&lt;obs conceptId=&quot;159683AAAAAAAAAAAAAAAAAAAAAAAAAAAAAA&quot; /&gt;&lt;/td&gt;&#xd;
			&lt;/tr&gt;&#xd;
		&lt;/table&gt;&#xd;
	&lt;/section&gt;&#xd;
&#xd;
	&lt;submit/&gt;&#xd;
&#xd;
&lt;/htmlform&gt;</xmlData>
    <dependencies class="set" id="10">
      <org.openmrs.ConceptNumeric id="11" uuid="159683AAAAAAAAAAAAAAAAAAAAAAAAAAAAAA">
        <conceptId>159683</conceptId>
        <retired>false</retired>
        <retiredBy/>
        <datatype id="12" resolves-to="org.openmrs.ConceptDatatype" uuid="8d4a4488-c2cc-11de-8d13-0010c6dffd0f">
          <name>Numeric</name>
          <description>Numeric value, including integer or float (e.g., creatinine, weight)</description>
          <creator/>
          <dateCreated id="13">2004-02-01 22:00:00</dateCreated>
          <retired>false</retired>
          <retiredBy/>
          <conceptDatatypeId>1</conceptDatatypeId>
          <hl7Abbreviation>NM</hl7Abbreviation>
        </datatype>
        <conceptClass id="14" resolves-to="org.openmrs.ConceptClass" uuid="8d491a9a-c2cc-11de-8d13-0010c6dffd0f">
          <name>Finding</name>
          <description>Practitioner observation/finding</description>
          <creator/>
          <dateCreated id="15">2004-03-02 00:00:00</dateCreated>
          <retired>false</retired>
          <conceptClassId>5</conceptClassId>
        </conceptClass>
        <set>false</set>
        <version></version>
        <creator/>
        <dateCreated id="16">2010-11-05 14:21:59</dateCreated>
        <changedBy/>
        <dateChanged id="17">2010-11-05 18:33:35</dateChanged>
        <names class="set" id="18">
          <org.openmrs.ConceptName id="19" uuid="107079BBBBBBBBBBBBBBBBBBBBBBBBBBBBBB">
            <conceptNameId>107079</conceptNameId>
            <concept class="org.openmrs.ConceptNumeric" reference="11"/>
            <name>total number of goats</name>
            <locale id="20">en</locale>
            <creator/>
            <dateCreated id="21">2010-11-05 14:21:59</dateCreated>
            <voided>false</voided>
            <voidedBy/>
            <tags class="set" id="22"/>
            <conceptNameType>FULLY_SPECIFIED</conceptNameType>
            <localePreferred>false</localePreferred>
          </org.openmrs.ConceptName>
        </names>
        <answers class="set" id="23"/>
        <conceptSets class="set" id="24"/>
        <descriptions class="set" id="25">
          <org.openmrs.ConceptDescription id="26" uuid="16323FFFFFFFFFFFFFFFFFFFFFFFFFFFFFFF">
            <conceptDescriptionId>16323</conceptDescriptionId>
            <concept class="org.openmrs.ConceptNumeric" reference="11"/>
            <description>Number of goats owned by the family</description>
            <locale id="27">en</locale>
            <creator/>
            <dateCreated id="28">2010-11-05 14:21:59</dateCreated>
            <changedBy/>
          </org.openmrs.ConceptDescription>
        </descriptions>
        <conceptMappings class="set" id="29">
          <org.openmrs.ConceptMap id="30" uuid="136461ABBBBBBBBBBBBBBBBBBBBBBBBBBBBB">
            <conceptMapType id="31" resolves-to="org.openmrs.ConceptMapType" uuid="43ac5109-7d8c-11e1-909d-c80aa9edcf4e">
              <name>NARROWER-THAN</name>
              <creator/>
              <dateCreated id="32">2013-01-31 00:00:00</dateCreated>
              <changedBy/>
              <dateChanged id="33">2013-06-07 07:43:28</dateChanged>
              <retired>false</retired>
              <conceptMapTypeId>2</conceptMapTypeId>
              <isHidden>false</isHidden>
            </conceptMapType>
            <creator/>
            <changedBy/>
            <dateCreated id="34">2010-11-05 14:21:59</dateCreated>
            <conceptMapId>136461</conceptMapId>
            <concept class="org.openmrs.ConceptNumeric" reference="11"/>
            <conceptReferenceTerm id="35" resolves-to="org.openmrs.ConceptReferenceTerm" uuid="489a58db-6016-3f58-967b-7390d7c79361">
              <creator/>
              <dateCreated id="36">2010-11-04 22:00:00</dateCreated>
              <changedBy/>
              <retired>false</retired>
              <retiredBy/>
              <conceptReferenceTermId>136461</conceptReferenceTermId>
              <conceptSource id="37" resolves-to="org.openmrs.ConceptSource" uuid="13ADDDDDDDDDDDDDDDDDDDDDDDDDDDDDDDDD">
                <name>AMPATH</name>
                <description>AMPATH concept dictionary</description>
                <creator/>
                <dateCreated id="38">2010-10-24 17:02:38</dateCreated>
                <retired>false</retired>
                <conceptSourceId>13</conceptSourceId>
              </conceptSource>
              <code>6306</code>
              <conceptReferenceTermMaps id="39"/>
            </conceptReferenceTerm>
          </org.openmrs.ConceptMap>
        </conceptMappings>
        <units></units>
        <precise>false</precise>
      </org.openmrs.ConceptNumeric>
    </dependencies>
  </org.openmrs.module.htmlformentry.HtmlForm>
</list>
